/media/stirling/services/accommodation/accommodation-allocations-policy-23-24.docx,/student-life/accommodation/how-to-apply/accommodation-allocation-policy/
/media/stirling/services/accommodation/general-files/application-terms-conditions.docx,/student-life/accommodation/how-to-apply/application-terms-and-conditions/
/media/stirling/services/accommodation/general-files/occupancy-agreement-2023-24.docx,/student-life/accommodation/how-to-apply/accommodation-occupancy-agreement/
/student-life/accommodation/accommodation-for-families/,/student-life/accommodation/how-to-apply/accommodation-for-families/
/student-life/accommodation/important-information/,/student-life/accommodation/accommodation-life/
/student-life/accommodation/important-information/accommodation-postal-addresses/,/student-life/accommodation/accommodation-life/contact-accommodation-services/
/student-life/accommodation/important-information/code-of-discipline/,/student-life/accommodation/accommodation-life/code-of-discipline/
/student-life/accommodation/important-information/contact-accommodation-services/,/student-life/accommodation/accommodation-life/contact-accommodation-services/
/student-life/accommodation/important-information/departing-from-residences/,/student-life/accommodation/accommodation-life/leaving-your-accommodation
/student-life/accommodation/moving-in/,/student-life/accommodation/accommodation-life/moving-in
/student-life/accommodation/new-undergraduates/,/student-life/accommodation/how-to-apply/new-undergraduates/
/student-life/accommodation/postgraduates/,/student-life/accommodation/how-to-apply/postgraduates/
/student-life/accommodation/returning-undergraduates/,/student-life/accommodation/how-to-apply/returning-undergraduates/
/student-life/accommodation/safety-security/,/student-life/accommodation/why-stay-in-university-managed-accommodation/safety-security/
/student-life/accommodation/staff-housing/,/student-life/accommodation/how-to-apply/staff-housing/
/student-life/accommodation/students-with-additional-support-needs/,/student-life/accommodation/how-to-apply/students-with-additional-support-needs/
/student-life/accommodation/visiting-students/,/student-life/accommodation/how-to-apply/visiting-students/
/aluben,/about/our-people/alumni/alumni-benefits/
/scholarships/health-sciences-and-sport/nursing-scholarship/,/scholarships/health-sciences-and-sport/nursing-scholarship-and-access-to-nursing-bursary/
/research/research-degrees/institute-for-advanced-studies-studentships/guide-for-applicants/,/research/research-degrees/institute-for-advanced-studies-studentships/
/research/research-degrees/institute-for-advanced-studies-studentships/express-your-interest/,/research/research-degrees/institute-for-advanced-studies-studentships/
/research/research-degrees/institute-for-advanced-studies-studentships/just-ai-lab/,/research/research-degrees/institute-for-advanced-studies-studentships/
/research/research-degrees/institute-for-advanced-studies-studentships/inclusive-ageing-in-a-digital-world/,/research/research-degrees/institute-for-advanced-studies-studentships/
/research/research-degrees/institute-for-advanced-studies-studentships/people-on-the-move/,/research/research-degrees/institute-for-advanced-studies-studentships/
/research/research-degrees/institute-for-advanced-studies-studentships/evaluating-the-socioenvironmental-benefits-of-nature-based-solutions/,/research/research-degrees/institute-for-advanced-studies-studentships/
/research/research-degrees/institute-for-advanced-studies-studentships/heritage-at-the-extremes-temporalities-politics-and-practices-of-care/,/research/research-degrees/institute-for-advanced-studies-studentships/
/research/research-degrees/institute-for-advanced-studies-studentships/tackling-challenges-of-environmental-and-human-health-a-behavioural-science-approach/,/research/research-degrees/institute-for-advanced-studies-studentships/
/research/research-degrees/institute-for-advanced-studies-studentships/accessible-environments/,/research/research-degrees/institute-for-advanced-studies-studentships/
/research/research-degrees/institute-for-advanced-studies-studentships/environmental-justice-and-low-carbon-transitions/,/research/research-degrees/institute-for-advanced-studies-studentships/
/research/research-degrees/institute-for-advanced-studies-studentships/clacks-living-lab-community-wealth-building-and-sustainable-net-zero-communities/,/research/research-degrees/institute-for-advanced-studies-studentships/
/research/research-degrees/institute-for-advanced-studies-studentships/physical-activity-for-positive-and-healthy-ageing/,/research/research-degrees/institute-for-advanced-studies-studentships/
/research/research-degrees/institute-for-advanced-studies-studentships/institute-for-advanced-studies-studentships-applicant-faqs/,/research/research-degrees/institute-for-advanced-studies-studentships/
/courses/pg-taught/global-politics-policies/,/courses/pg-taught/global-politics/
/news/2024/march-2024-news/new-tree-lined-boulevard-will-link-campus-central-with-sports-centre/,/news/2024/april-2024-news/new-tree-lined-boulevard-will-link-campus-central-with-sports-centre/
/news/2024/march-2024-news/new-study-could-reduce-risk-of-social-isolation-for-older-people-with-hearing-loss/,/news/2024/april-2024-news/new-study-could-reduce-risk-of-social-isolation-for-older-people-with-hearing-loss/
/internal-students/student-support/,/student-life/support-wellbeing/
